ticker,headline,date
A,Here's How Much $1000 Invested In Agilent Technologies 15 Years Ago Would Be Worth Today,2023-01-27T19:32:01
A,"Zacks Investment Ideas feature highlights: Chevron, Kinder Morgan, Agilent Technologies, Apple and Microsoft",2023-01-27T11:52:00
A,Agilent Technologies  ( A )  Gains But Lags Market: What You Should Know,2023-01-26T23:15:21
A,Agilent Technologies  ( A )  Outpaces Stock Market Gains: What You Should Know,2023-01-20T23:15:19
A,Are Computer and Technology Stocks Lagging Agilent Technologies  ( A )  This Year?,2023-01-20T14:40:11
A,Agilent Technologies  ( A )  Is Up 6.26% in One Week: What You Should Know,2023-01-19T17:00:06
A,"If You Invested $1000 in Agilent Technologies a Decade Ago, This is How Much It'd Be Worth Now",2023-01-16T13:30:05
A,Agilent Technologies  ( A )  Outpaces Stock Market Gains: What You Should Know,2023-01-11T23:15:24
A,"Global Long Read Sequencing Market Report to 2031 - Featuring Agilent Technologies, BaseClear, Cantata Bio and F. Hoffmann-La Roche Among Others",2023-01-10T12:45:00
A,Agilent  ( A )  to Expand Portfolio With Avida Biomed Acquisition,2023-01-05T14:23:00
A,Is Agilent Technologies  ( A )  Stock Outpacing Its Computer and Technology Peers This Year?,2023-01-04T14:40:10
A,Earnings Growth & Price Strength Make Agilent Technologies  ( A )  a Stock to Watch,2023-01-04T14:30:03
A,Looking Into Agilent Technologies's Recent Short Interest - Agilent Technologies  ( NYSE:A ) ,2023-02-28T15:47:49
A,Agilent Technologies  ( A )  to Post Q1 Earnings: What's in Store?,2023-02-27T18:49:00
A,Agilent Technologies  ( A )  Dips More Than Broader Markets: What You Should Know,2023-02-22T23:15:22
A,"Zacks Industry Outlook Highlights Agilent Technologies, AMETEK and Fortive",2023-02-21T14:38:00
A,Here's How Much You Would Have Made Owning Agilent Technologies Stock In The Last 5 Years - Agilent Technologies  ( NYSE:A ) ,2023-02-17T21:02:39
A,Fluor  ( FLR )  Unit Wins Agilent's Facility Expansion Contract,2023-02-17T18:47:00
A,"Worldwide Nucleic Acid Labeling Industry to 2026 - Players Include Abcam, Agilent Technologies, Danaher and Interchim",2023-02-15T15:08:33
A,Agilent Technologies  ( A )  Dips More Than Broader Markets: What You Should Know,2023-02-14T23:15:17
A,"Agilent Technologies Selects Turner to Build $725 Million Pharmaceutical Manufacturing Plant in Frederick, Colorado",2023-02-09T15:35:55
A,Agilent Technologies  ( A )  Stock Moves -0.06%: What You Should Know,2023-02-08T23:15:12
A,Atomic spectroscopy market size to increase by USD 2214.33 million; Evolving Opportunities with A KRUSS Optronic GmbH and Agilent Technologies Inc. among others - Technavio,2023-02-04T00:30:00
A,Enzyme-linked immunosorbent assay  ( Elisa )  testing market size to Increase by USD 564.97 million: Evolving Opportunities with Abcam plc and Agilent Technologies Inc among others - Technavio,2023-02-03T20:30:00
A,Agilent Technologies  ( A )  Gains But Lags Market: What You Should Know,2023-02-02T23:15:19
A,Agilent Technologies  ( NYSE:A )  Rating Lowered to Buy at StockNews.com,2023-03-31T05:54:42
A,Agilent  ( A )  Down 2.7% Since Last Earnings Report: Can It Rebound?,2023-03-30T15:30:33
A,Agilent Technologies  ( A )  Gains But Lags Market: What You Should Know,2023-03-29T22:15:23
A,Why Agilent Technologies  ( A )  is a Top Growth Stock for the Long-Term,2023-03-27T13:45:03
A,How Is The Market Feeling About Agilent Technologies? - Agilent Technologies  ( NYSE:A ) ,2023-03-16T16:30:40
A,A Look Into Agilent Technologies Inc's Price Over Earnings - Agilent Technologies  ( NYSE:A ) ,2023-03-15T13:19:07
A,Agilent  ( A )  Boosts Digital Pathology Reach With Hamamatsu Deal,2023-03-14T16:22:00
A,Agilent  ( A )  Boosts Biopharma Solutions Offerings With e-Msion,2023-03-13T16:33:00
A,Agilent  ( A )  to Boost Digital Pathology Reach With Proscia Deal,2023-03-10T17:14:00
A,What Does Agilent Technologies' Debt Look Like? - Agilent Technologies  ( NYSE:A ) ,2023-03-10T13:17:25
A,Capillary electrophoresis market to grow CAGR of 5.7% from 2022 to 2027; Evolving opportunities with Agilent Technologies Inc and Bio Rad Laboratories Inc among others- Technavio,2023-03-07T09:30:00
A,3 Reasons Growth Investors Will Love Agilent  ( A ) ,2023-03-03T17:45:07
A,"Agilent  ( A )  Loses -11.54% in 4 Weeks, Here's Why a Trend Reversal May be Around the Corner",2023-03-02T14:35:06
A,"Agilent's  ( A )  Q1 Earnings & Revenues Beat Estimates, Rise Y/Y",2023-03-01T14:28:00
A,Agilent Technologies  ( A )  Gains But Lags Market: What You Should Know,2023-04-27T22:00:20
A,Ominous Death Cross Forms On Agilent Technologies's Chart - Agilent Technologies  ( NYSE:A ) ,2023-04-25T14:47:41
A,Agilent Technologies  ( A )  Stock Sinks As Market Gains: What You Should Know,2023-04-24T22:15:25
A,A Look Into Agilent Technologies Inc's Price Over Earnings - Agilent Technologies  ( NYSE:A ) ,2023-04-20T13:03:20
A,Here's How Much You Would Have Made Owning Agilent Technologies Stock In The Last 5 Years - Agilent Technologies  ( NYSE:A ) ,2023-04-18T17:00:33
A,IBD Rating Upgrades: Agilent Technologies Shows Improved Technical Strength,2023-04-18T07:00:00
A,Agilent  ( A )  Boosts Reach to Biopharma Researchers With PathAI,2023-04-13T15:02:00
A,Agilent  ( A )  Boosts Spectrophotometer Reach With Cary System,2023-04-05T14:01:00
A,Here's How Much You Would Have Made Owning Agilent Technologies Stock In The Last 5 Years - Agilent Technologies  ( NYSE:A ) ,2023-04-03T16:30:32
A,"Intuit, Agilent fall; Kohl's, Urban Outfitters rise",2023-05-24T20:14:32
A,"Agilent  ( A )  Q2 Earnings Match Estimates, Revenues Rise Y/Y",2023-05-24T17:17:00
A,Why Agilent Technologies Stock Is Sinking Today,2023-05-24T16:55:49
A,"Why Inovio Pharmaceuticals Shares Are Trading Higher By 12%; Here Are 20 Stocks Moving Premarket - Agilent Technologies  ( NYSE:A ) , Aptose Biosciences  ( NASDAQ:APTO ) ",2023-05-24T12:04:58
A,"Agilent, PTC Therapeutics And Other Big Stocks Moving Lower In Wednesday's Pre-Market Session - Agilent Technologies  ( NYSE:A ) , Apollomics  ( NASDAQ:APLM ) ",2023-05-24T10:32:36
A,Why Agilent  ( A )  Shares Are Tumbling Today - Agilent Technologies  ( NYSE:A ) ,2023-05-24T09:29:54
A,Agilent Technologies  ( A )  Meets Q2 Earnings Estimates,2023-05-23T21:25:06
A,Agilent: Fiscal Q2 Earnings Snapshot,2023-05-23T20:18:13
A,"FOMO Is Going Around - Agilent Technologies  ( NYSE:A ) , AutoZone  ( NYSE:AZO ) ",2023-05-23T14:55:11
A,"Why US Stocks Are Poised For A Flat Open Today - Agilent Technologies  ( NYSE:A ) , AutoZone  ( NYSE:AZO ) ",2023-05-23T11:15:28
A,Agilent Technologies  ( A )  to Post Q2 Earnings: What's in Store?,2023-05-19T15:08:00
A,Why Earnings Season Could Be Great for Agilent  ( A ) ,2023-05-18T12:32:00
A,StockNews.com Initiates Coverage on Agilent Technologies  ( NYSE:A ) ,2023-05-18T06:02:47
A,Price Over Earnings Overview: Agilent Technologies - Agilent Technologies  ( NYSE:A ) ,2023-05-17T14:30:30
A,Agilent Technologies' Debt Overview - Agilent Technologies  ( NYSE:A ) ,2023-05-17T13:00:55
A,Agilent Technologies  ( A )  Dips More Than Broader Markets: What You Should Know,2023-05-16T22:00:04
A,Agilent Technologies  ( A )  Earnings Expected to Grow: What to Know Ahead of Next Week's Release,2023-05-16T14:00:12
A,Agilent  ( A )  Forms 'Hammer Chart Pattern': Time for Bottom Fishing?,2023-05-11T13:55:03
A,Agilent Technologies  ( A )  Outpaces Stock Market Gains: What You Should Know,2023-05-10T22:00:04
A,"Zacks Industry Outlook Highlights Agilent Technologies, AMETEK and Fortive",2023-05-05T09:00:00
A,Agilent Technologies  ( A )  Gains As Market Dips: What You Should Know,2023-05-03T22:00:08
A,Price Over Earnings Overview: Agilent Technologies - Agilent Technologies  ( NYSE:A ) ,2023-05-03T13:33:29
A,Will Agilent  ( A )  Beat Estimates Again in Its Next Earnings Report?,2023-05-01T16:10:10
A,Agilent Technologies  ( A )  Outpaces Stock Market Gains: What You Should Know,2023-06-29T22:15:18
A,Agilent Technologies  ( A )  Gains As Market Dips: What You Should Know,2023-06-23T22:15:19
A,Agilent  ( A )  Down 2.2% Since Last Earnings Report: Can It Rebound?,2023-06-22T15:30:16
A,Agilent  ( A )  Boosts LSAG Segment With New GPC/SEC Solutions,2023-06-14T15:54:00
A,$100 Invested In This Stock 20 Years Ago Would Be Worth $600 Today - Agilent Technologies  ( NYSE:A ) ,2023-06-07T20:00:31
A,Agilent  ( A )  Boosts LCMS Portfolio With New Systems Launch,2023-06-07T16:16:00
A,Agilent Technologies  ( A )  Gains As Market Dips: What You Should Know,2023-07-26T22:15:23
A,$100 Invested In This Stock 20 Years Ago Would Be Worth $600 Today - Agilent Technologies  ( NYSE:A ) ,2023-07-26T14:00:30
A,Looking Into Agilent Technologies's Recent Short Interest - Agilent Technologies  ( NYSE:A ) ,2023-07-20T20:00:32
A,"In-vitro Diagnostics Market to grow at a CAGR of 6.89% from 2021 to 2026| Abbott Laboratories, Agilent Technologies Inc., ARKRAY Inc. and more to emerge as key players - Technavio",2023-07-17T07:30:00
A,Here's How Much You Would Have Made Owning Agilent Technologies Stock In The Last 10 Years - Agilent Technologies  ( NYSE:A ) ,2023-07-10T21:00:27
A,Agilent Technologies  ( A )  Dips More Than Broader Markets: What You Should Know,2023-07-06T22:15:24
A,How Is The Market Feeling About Agilent Technologies? - Agilent Technologies  ( NYSE:A ) ,2023-07-03T17:46:00
A,"StockNews.com Upgrades Agilent Technologies  ( NYSE:A )  to ""Buy""",2023-08-25T05:26:45
A,"This Analyst With 86% Accuracy Rate Sees Over 15% Upside In NVIDIA - Here Are 5 Stock Picks For Last Week From Wall Street's Most Accurate Analysts - Agilent Technologies  ( NYSE:A ) , Home Depot  ( NYSE:HD ) ",2023-08-21T10:35:12
A,$100 Invested In This Stock 10 Years Ago Would Be Worth $400 Today - Agilent Technologies  ( NYSE:A ) ,2023-08-16T17:00:43
A,"Agilent  ( A )  Q3 Earnings Beat Estimates, Revenues Fall Y/Y",2023-08-16T16:59:00
A,Agilent Analysts Slash Their Forecasts After Q3 Results - Agilent Technologies  ( NYSE:A ) ,2023-08-16T12:12:59
A,"Why US Stocks Are Set For A Muted Open Today - Invesco QQQ Trust, Series 1  ( NASDAQ:QQQ ) , Target  ( NYSE:TGT ) , Agilent Technologies  ( NYSE:A ) , Cisco Systems  ( NASDAQ:CSCO ) , TJX Companies  ( NYSE:TJX ) , H&R Block  ( NYSE:HRB ) , JD.com  ( NASDAQ:JD ) , Wolfspeed  ( NYSE:WOLF ) , SPDR S&P 500  ( ARCA:SPY ) , Avnet  ( NASDAQ:AVT ) ",2023-08-16T11:20:56
A,Agilent Technologies cuts annual forecasts on China weakness,2023-08-15T22:37:00
A,"Markets Remain Sold; H&R Block  ( HRB ) , Agilent  ( A )  Beat",2023-08-15T22:27:00
A,"Why US Stocks Are Set To Open Lower Today - Discover Finl  ( NYSE:DFS ) , Jack Henry & Associates  ( NASDAQ:JKHY ) , Invesco QQQ Trust, Series 1  ( NASDAQ:QQQ ) , Agilent Technologies  ( NYSE:A ) , H&R Block  ( NYSE:HRB ) , Cardinal Health  ( NYSE:CAH ) , Home Depot  ( NYSE:HD ) , SPDR S&P 500  ( ARCA:SPY ) , Tencent Music Enter Gr  ( NYSE:TME ) ",2023-08-15T11:36:05
A,"Home Depot, Agilent Technologies And 3 Stocks To Watch Heading Into Tuesday - Agilent Technologies  ( NYSE:A ) , Home Depot  ( NYSE:HD ) ",2023-08-15T09:11:13
A,"Investor Optimism Falls Further Ahead Of Economic Reports - Agilent Technologies  ( NYSE:A ) , Home Depot  ( NYSE:HD ) ",2023-08-15T07:06:20
A,Agilent Technologies  ( A )  to Post Q3 Earnings: What's in Store?,2023-08-11T15:56:00
A,Agilent Technologies  ( A )  Stock Moves -0.56%: What You Should Know,2023-08-09T22:15:15
A,$1000 Invested In Agilent Technologies 10 Years Ago Would Be Worth This Much Today - Agilent Technologies  ( NYSE:A ) ,2023-09-29T19:00:25
A,"Protein Engineering Market size to grow by USD 2.37 billion from 2022-2027| Agilent Technologies Inc., Amgen Inc ... - PR Newswire",2023-09-26T23:45:00
A,A Look Into Agilent Technologies Inc's Price Over Earnings - Agilent Technologies  ( NYSE:A ) ,2023-09-20T18:45:14
A,Agilent  ( A )  Boosts Genomic Profiling With New Collaboration,2023-09-20T14:15:00
A,Agilent and NCCS Sign Research Collaboration Agreement to Advance Singapore's Genomic Profiling on Asian-prevalent Cancers,2023-09-19T01:00:00
A,Agilent  ( A )  Down 6.5% Since Last Earnings Report: Can It Rebound?,2023-09-14T15:30:07
A,Looking Into Agilent Technologies's Recent Short Interest - Agilent Technologies  ( NYSE:A ) ,2023-09-13T13:30:25
A,"If You Invested $100 In This Stock 10 Years Ago, You Would Have $300 Today - Agilent Technologies  ( NYSE:A ) ",2023-09-11T15:00:38
A,Here's How Much $1000 Invested In Agilent Technologies 10 Years Ago Would Be Worth Today - Agilent Technologies  ( NYSE:A ) ,2023-09-07T15:30:41
A,Illumina names Agilent exec Jacob Thaysen as CEO,2023-09-05T11:45:33
A,Do Options Traders Know Something About Agilent  ( A )  Stock We Don't?,2023-09-01T12:34:00
A,"Proteomics market to grow by USD 21.74 billion from 2022 to 2027|Agilent Technologies Inc., Applied Biomics Inc., Bio ... - PR Newswire",2023-10-30T06:15:00
A,Agilent Technologies  ( A )  Increases Despite Market Slip: Here's What You Need to Know,2023-10-26T22:15:20
A,"Proteomics market to grow by USD 21,749.32 million from 2022 to 2027 | Agilent Technologies Inc., Applied Biomics ... - PR Newswire",2023-10-22T05:00:00
A,Peering Into Agilent Technologies's Recent Short Interest - Agilent Technologies  ( NYSE:A ) ,2023-10-19T17:45:22
A,Immunohistochemistry (IHC) Market size to grow by USD 1.06 billion from 2022-2027 | Agilent Technologies Inc ... - PR Newswire,2023-10-16T21:01:00
A,$1000 Invested In Agilent Technologies 10 Years Ago Would Be Worth This Much Today - Agilent Technologies  ( NYSE:A ) ,2023-10-13T19:30:19
A,Agilent  ( A )  Bolsters NTD Research With SIDC Partnership,2023-10-10T14:43:00
A,Agilent and Sarawak Infectious Disease Centre Partner to Boost Neglected Tropical Diseases Research in East Malaysia - PR Newswire,2023-10-06T05:26:00
A,Looking Into Agilent Technologies's Recent Short Interest - Agilent Technologies  ( NYSE:A ) ,2023-10-02T17:45:29
A,"The Zacks Analyst Blog Highlights Visa, Marriott International, Parker-Hannifin, FedEx and Agilent Technologies",2023-11-24T13:45:00
A,How Is The Market Feeling About Agilent Technologies? - Agilent Technologies  ( NYSE:A ) ,2023-11-23T18:15:22
A,"Agilent Technologies  ( NYSE:A )  Downgraded to ""Hold"" at StockNews.com",2023-11-23T09:10:50
A,$1000 Invested In Agilent Technologies 15 Years Ago Would Be Worth This Much Today - Agilent Technologies  ( NYSE:A ) ,2023-11-22T20:30:39
A,A: Uncovering the Investment Prospects of Agilent Technologies  ( A )  and Medtronic  ( MDT ) ,2023-11-22T12:32:00
A,"Half Of S&P 500 Stocks Still Below 200-Day Average: 10 Bargain Plays For Latecomer Bulls - Agilent Technologies  ( NYSE:A ) , Albemarle  ( NYSE:ALB ) ",2023-11-21T21:13:42
A,"Agilent  ( A )  Q4 Earnings & Revenues Beat Estimates, Down Y/Y",2023-11-21T17:35:00
A,"Agilent Posts Upbeat Results, Joins Burlington Stores, Hibbett And Other Big Stocks Moving Higher On Tuesday - Agilent Technologies  ( NYSE:A ) , Artivion  ( NYSE:AORT ) ",2023-11-21T16:42:07
A,Why Agilent Technologies Stock Is Climbing Tuesday - Agilent Technologies  ( NYSE:A ) ,2023-11-21T16:25:07
A,How To Earn $500 A Month From Agilent Technologies Stock Following Upbeat Results - Agilent Technologies  ( NYSE:A ) ,2023-11-21T13:39:21
A,"CrowdStrike To Rally Around 16%? Here Are 10 Top Analyst Forecasts For Tuesday - Agilent Technologies  ( NYSE:A ) , CrowdStrike Holdings  ( NASDAQ:CRWD ) ",2023-11-21T12:47:20
A,"Agilent Technologies Q4 Results Beat Estimates, Stock Gains After-Hours - Agilent Technologies  ( NYSE:A ) ",2023-11-20T21:34:33
A,"Fear & Greed Index Moves To 'Greed' Zone; S&P 500 Records Third Consecutive Winning Week - Agilent Technologies  ( NYSE:A ) , Buckle  ( NYSE:BKE ) ",2023-11-20T10:55:45
A,"Zoom Video, Agilent And 3 Stocks To Watch Heading Into Monday - Agilent Technologies  ( NYSE:A ) , Keysight Techs  ( NYSE:KEYS ) ",2023-11-20T10:44:57
A,Agilent Likely To Report Lower Q4 Earnings; Here's A Look At Recent Price Target Changes By The Most Accurate Analysts - Agilent Technologies  ( NYSE:A ) ,2023-11-20T08:23:38
A,"Expedia To Rally Around 54%? Here Are 10 Top Analyst Forecasts For Friday - Agilent Technologies  ( NYSE:A ) , Analog Devices  ( NASDAQ:ADI ) ",2023-11-17T12:34:00
A,What to Note Ahead of Agilent Technologies'  ( A )  Q4 Earnings,2023-11-16T16:01:00
A,Agilent  ( A )  Boosts DGG Offerings With PD-L1 IHC 22C3 Approval,2023-11-16T14:21:00
A,Agilent Technologies  ( A )  Beats Stock Market Upswing: What Investors Need to Know,2023-11-15T23:15:05
A,Analysts Estimate Agilent Technologies  ( A )  to Report a Decline in Earnings: What to Look Out for,2023-11-13T15:00:07
A,"'I Want You To Buy It, And Every Time It Dips, I Want You To Buy More': Cramer Hypes Up Auto Parts Retailer - Aehr Test Systems  ( NASDAQ:AEHR ) , Agilent Technologies  ( NYSE:A ) ",2023-11-10T14:01:42
A,Agilent Technologies  ( A )  Stock Dips While Market Gains: Key Facts,2023-11-08T23:15:03
A, ( A )  - Analyzing Agilent Technologies's Short Interest - Agilent Technologies  ( NYSE:A ) ,2023-11-06T15:15:19
A,"Proteomics market to grow by USD 21.74 billion from 2022 to 2027|Agilent Technologies Inc., Applied Biomics Inc., Bio ... - PR Newswire",2023-11-06T06:15:00
A,Here's How Much You Would Have Made Owning Agilent Technologies Stock In The Last 10 Years - Agilent Technologies  ( NYSE:A ) ,2023-11-03T21:00:15
A,Agilent Technologies  ( A )  Stock Dips While Market Gains: Key Facts,2023-11-01T22:15:11
A,Looking Into Agilent Technologies's Recent Short Interest - Agilent Technologies  ( NYSE:A ) ,2023-12-28T20:00:13
A,Why Is Agilent  ( A )  Up 12.8% Since Last Earnings Report?,2023-12-20T16:30:06
A,$100 Invested In This Stock 15 Years Ago Would Be Worth $900 Today - Agilent Technologies  ( NYSE:A ) ,2023-12-20T14:00:23
A,Agilent  ( A )  Enhances BioTek Cytation C10 With New Technology,2023-12-07T14:46:00
A,"Biomarkers Market size to grow by USD 56.26 billion from 2022 to 2027| Abbott Laboratories, Abcam plc, Agilent ... - PR Newswire",2023-12-05T01:30:00
A,Here's How Much $100 Invested In Agilent Technologies 15 Years Ago Would Be Worth Today - Agilent Technologies  ( NYSE:A ) ,2023-12-04T19:30:24
AAME,StockNews.com Initiates Coverage on Atlantic American  ( NASDAQ:AAME ) ,2023-01-24T09:02:41
AAME,Analysts at StockNews.com rate Atlantic American  ( NASDAQ:AAME )  as a hold.,2023-01-17T22:50:22
AAME,Analysts at StockNews.com rate Atlantic American  ( NASDAQ:AAME )  as a hold.,2023-01-17T15:56:29
